,title,company,contract_type,location,salary,remote_type,starting_date,required_experience,education,description,profil_experience,publication_date,url_direct_offer
0,Data Engineer PySpark,"{'name': 'THALES', 'sector': 'unknown', 'employees': None, 'creation_year': None, 'turnover': None, 'mean_age': None}",permanent and full_time,"Toulouse, Haute-Garonne",0,,,,,"QUI SOMMES-NOUS ? Thales propose des systèmes d'information et de communication sécurisés et interopérables pour les forces armées, les forces de sécurité et les opérateurs d'importance vitale. Ces activités, qui regroupent radiocommunications, réseaux, systèmes de protection, systèmes d'information critiques et cybersécurité, répondent aux besoins de marchés où l'utilisation des nouvelles technologies numériques est déterminante. Thales intervient tout au long de la chaîne de valeur, des équip…",,2024-02-19,https://www.adzuna.fr/land/ad/4574739084?se=FhLBleXS7hG9HiardZxwWA&utm_medium=api&utm_source=37fe08af&v=FE7ECBBD26503585482CAD5270E4346D7E31A2D2
1,Data Engineer F/H,"{'name': 'CGI France', 'sector': 'unknown', 'employees': None, 'creation_year': None, 'turnover': None, 'mean_age': None}",permanent and full_time,"Limoges, Haute-Vienne",0,,,,,"Position Description: Vous cherchez à intervenir pour des sociétés Data Driven dans différents domaines fonctionnels (marketing, vente finance, supply chain) et secteurs d'activités variés (Life science, secteur public, manufacturing, agroalimentaire, banque et finance). Vous avez envie de relever des challenges sur de l'intégration de données et de la data visualisation, le tout dans des contextes agiles et innovants. Your future duties and responsibilities: Alors venez rejoindre nos équipes d…",,2024-02-09,https://www.adzuna.fr/land/ad/4563522402?se=FhLBleXS7hG9HiardZxwWA&utm_medium=api&utm_source=37fe08af&v=41A4A94D10E63D36277861792ACF0D3313E19E41
2,Data Engineer F/H,"{'name': 'CGI France', 'sector': 'unknown', 'employees': None, 'creation_year': None, 'turnover': None, 'mean_age': None}",permanent and full_time,"Niort, Deux-Sèvres",0,,,,,"Position Description: Big Data, Data Science, Data analyse, Data architecture  Ça n'a pas de secret pour vous ? Que vous commenciez votre carrière professionnelle ou que vous soyez spécialiste de l'une de ces disciplines, intégrer notre communauté Data, c'est l'assurance de progresser, innover, partager, vous certifier et rendre service à nos clients. Si vous souhaitez intégrer nos équipes à Niort et accompagner les plus grands acteurs du secteur des Assurances, cette annonce est susceptible de…",,2024-02-09,https://www.adzuna.fr/land/ad/4563521913?se=FhLBleXS7hG9HiardZxwWA&utm_medium=api&utm_source=37fe08af&v=1C5431EAB5B38B695125944C849DF112D19D6252
3,Data Engineer H/F,"{'name': 'Nexton Consulting', 'sector': 'unknown', 'employees': None, 'creation_year': None, 'turnover': None, 'mean_age': None}",permanent and full_time,"Paris, Ile-de-France",0,,,,,"Qui sommes-nous ? NEXTON c'est avant tout une entreprise qui accompagne ses clients dans leur transformation digitale. Tous les jours, nous travaillons avec des grands comptes et des pures players (SNCF, Orange, BNP PARIBAS…). Nous sommes experts du digital aussi bien sur de l'accompagnement stratégique qu'opérationnel. Fort du succès, NEXTON connaît aujourd'hui un développement significatif, autour de ses valeurs piliers : cohésion, confiance et performance. Et pour toi ? Notre politique de dé…",,2024-02-09,https://www.adzuna.fr/land/ad/4563827778?se=FhLBleXS7hG9HiardZxwWA&utm_medium=api&utm_source=37fe08af&v=19585F7589D7C41FFD35A9D59BDEA89505434A65
4,Data Engineer F/H,"{'name': 'CGI France', 'sector': 'unknown', 'employees': None, 'creation_year': None, 'turnover': None, 'mean_age': None}",permanent and full_time,"Lyon, Rhône",0,,,,,"Position Description: Vous rejoignez CGI, leader mondial du conseil et des services numériques à Lyon et accompagnez nos clients. Big Data, Data Science, Data analyse, Data architecture,  Ça n'a pas de secret pour vous ? Que vous commenciez votre carrière professionnelle ou que vous soyez spécialiste de l'une de ces disciplines, intégrer notre communauté Data, c'est l'assurance de progresser, innover, partager, vous certifier et rendre service à nos clients. Your future duties and responsibilit…",,2024-02-09,https://www.adzuna.fr/land/ad/4563519406?se=FhLBleXS7hG9HiardZxwWA&utm_medium=api&utm_source=37fe08af&v=9259FA79E379F3C8DB6C7F8CE9561903350D49F9
5,Data Engineer F/H,"{'name': 'CGI France', 'sector': 'unknown', 'employees': None, 'creation_year': None, 'turnover': None, 'mean_age': None}",permanent and full_time,"Clermont-Ferrand, Puy-de-Dôme",0,,,,,"Position Description: Big Data, Data Science, Data analyse, Data architecture,  Ça n'a pas de secret pour vous? Que vous commenciez votre carrière professionnelle ou que vous soyez spécialiste de l'une de ces disciplines, intégrer notre communauté Data, c'est l'assurance de progresser, innover, partager, vous certifier et rendre service à nos clients. Your future duties and responsibilities: Alors venez rejoindre nos équipes de Data Engineer. Vous pouvez être amené à intervenir sur tout ou part…",,2024-02-09,https://www.adzuna.fr/land/ad/4563521559?se=Uvd7luXS7hGYlvzeXRw5xg&utm_medium=api&utm_source=37fe08af&v=A7324512DED7DFCAAC9C21F436EE862C22F78427
6,Data Engineer F/H,"{'name': 'CGI France', 'sector': 'unknown', 'employees': None, 'creation_year': None, 'turnover': None, 'mean_age': None}",permanent and full_time,"Nantes, Loire-Atlantique",0,,,,,"Position Description: Big Data, Data Science, Data analyse, Data architecture,  Ça n'a pas de secret pour vous ? Que vous commenciez votre carrière professionnelle ou que vous soyez spécialiste de l'une de ces disciplines, intégrer notre communauté Data, c'est l'assurance de progresser, innover, partager, vous certifier et rendre service à nos clients. Si vous souhaitez intégrer nos équipes à Nantes et accompagner les plus grands acteurs de secteurs variés, cette annonce est susceptible de vous…",,2024-02-09,https://www.adzuna.fr/land/ad/4563522265?se=Uvd7luXS7hGYlvzeXRw5xg&utm_medium=api&utm_source=37fe08af&v=C5FC15AA835DBB2CA871A921F31290AAA0B7A200
7,Data Engineer F/H,"{'name': 'CGI France', 'sector': 'unknown', 'employees': None, 'creation_year': None, 'turnover': None, 'mean_age': None}",permanent and full_time,"Tours, Indre-et-Loire",0,,,,,"Position Description: Big Data, Data Science, Data analyse, Data architecture,  Ça n'a pas de secret pour vous ? Que vous commenciez votre carrière professionnelle ou que vous soyez spécialiste de l'une de ces disciplines, intégrer notre communauté Data, c'est l'assurance de progresser, innover, partager, vous certifier et rendre service à nos clients. Rejoignez notre centre d'excellence en innovation à Tours et rendez unique l'expérience digitale de nos clients en travaillant sur des sujets te…",,2024-02-09,https://www.adzuna.fr/land/ad/4563522356?se=Uvd7luXS7hGYlvzeXRw5xg&utm_medium=api&utm_source=37fe08af&v=7E8289A605867AA60DDE8AD61FEED4439466822F
8,Data Engineer H/F,"{'name': 'Nexton Consulting', 'sector': 'unknown', 'employees': None, 'creation_year': None, 'turnover': None, 'mean_age': None}",permanent and full_time,"Grasse, Alpes-Maritimes",0,,,,,"Qui sommes-nous ? NEXTON c'est avant tout une entreprise qui accompagne ses clients dans leur transformation digitale. Tous les jours, nous travaillons avec des grands comptes et des pures players (SNCF, Orange, BNP PARIBAS…). Nous sommes experts du digital aussi bien sur de l'accompagnement stratégique qu'opérationnel. Fort du succès, NEXTON connaît aujourd'hui un développement significatif, autour de ses valeurs piliers : cohésion, confiance et performance. Et pour toi ? Notre politique de dé…",,2024-02-22,https://www.adzuna.fr/land/ad/4578449063?se=Uvd7luXS7hGYlvzeXRw5xg&utm_medium=api&utm_source=37fe08af&v=20B50A3BE7A32728CCBE8F9CFFDD0EE7E32E4BED
9,Data Engineer Airflow (expert),"{'name': 'CACIIS', 'sector': 'unknown', 'employees': None, 'creation_year': None, 'turnover': None, 'mean_age': None}",permanent and full_time,"Marseille, Bouches-du-Rhône",0,,,,,"A client wants to improve the operability and performance of their data services across multiple IT platforms: a datalake, a datamart, a data warehouse, a BI environment, and Data Science. These platforms, although mature and already in production, require the implementation of tooling around orchestration issues to ensure operational performance. Mission: In collaboration with the data architect, data experts, and product manager/owner, you will be involved in the operations and implementation…",,2024-02-20,https://www.adzuna.fr/land/ad/4575975345?se=Uvd7luXS7hGYlvzeXRw5xg&utm_medium=api&utm_source=37fe08af&v=EBB5A52A062F83E4A15C87FF9C4D98269D43A1FD
10,Data Engineer H/F,"{'name': 'Michael Page', 'sector': 'unknown', 'employees': None, 'creation_year': None, 'turnover': None, 'mean_age': None}",permanent and full_time,"Colombes, Nanterre",0,,,,,"Notre client est un leader européen des solutions de pré-collecte des déchets. Du conteneur jusqu'aux prestations de services en passant par la digitalisation des données, nous accompagnons les collectivités locales et les entreprises pour relever l'un des grands défis environnementaux : Optimiser la gestion des déchets et les valoriser dans un monde toujours plus urbanisé. En tant que Data Engineer, vos missions seront les suivantes : Cartographier les données de l'entreprise, mettre en oeuvre…",,2024-02-09,https://www.adzuna.fr/land/ad/4563520550?se=lkQ1l-XS7hG9HiardZxwWA&utm_medium=api&utm_source=37fe08af&v=FC05FB39D125C980B83F31358565E35A460FD2EF
11,Data Engineer (F/H),"{'name': 'THALES', 'sector': 'unknown', 'employees': None, 'creation_year': None, 'turnover': None, 'mean_age': None}",permanent and full_time,"Vélizy-Villacoublay, Versailles",0,,,,,"QUI SOMMES-NOUS ? Au sein du site de Vélizy, nos équipes hautement qualifiées conçoivent et produisent des amplificateurs de puissance (tubes à ondes progressives, klystrons, gyrotrons, sous-systèmes pour les Grandes Infrastructures de Recherche, etc.) à destination des marchés Défense, Sécurité, Spatial et Scientifique. Chaque jour nos cadres, ingénieurs, techniciens et opérateurs mettent en commun leurs savoir-faire unique au service de l'innovation. Description de l'emploi QUI SOMMES-NOUS ? …",,2024-02-22,https://www.adzuna.fr/land/ad/4578817907?se=lkQ1l-XS7hG9HiardZxwWA&utm_medium=api&utm_source=37fe08af&v=0A870C1D272DB3A71FEF58BB2209580E42E66A6A
12,Data Engineer Cloud Data F/H,"{'name': 'CGI France', 'sector': 'unknown', 'employees': None, 'creation_year': None, 'turnover': None, 'mean_age': None}",permanent and full_time,"Toulouse, Haute-Garonne",0,,,,,"Position Description: Big Data, Data Science, Data analyse, Data architecture,  Ça n'a pas de secret pour vous ? Que vous commenciez votre carrière professionnelle ou que vous soyez spécialiste de l'une de ces disciplines, intégrer notre communauté Data, c'est l'assurance de progresser, innover, partager, vous certifier et rendre service à nos clients. Rejoignez notre centre d'excellence en innovation à Toulouse et rendez unique l'expérience digitale de nos clients en travaillant sur des sujets…",,2024-02-09,https://www.adzuna.fr/land/ad/4563521493?se=lkQ1l-XS7hG9HiardZxwWA&utm_medium=api&utm_source=37fe08af&v=A3BDB813D3AB71100774619EC054AD8B62FC7715
13,Data Engineer Cloud Data F/H,"{'name': 'CGI France', 'sector': 'unknown', 'employees': None, 'creation_year': None, 'turnover': None, 'mean_age': None}",permanent and full_time,"Paris, Ile-de-France",0,,,,,"Position Description: Big Data, Data Science, Data analyse, Data architecture,  Ça n'a pas de secret pour vous ? Que vous commenciez votre carrière professionnelle ou que vous soyez spécialiste de l'une de ces disciplines, intégrer notre communauté Data, c'est l'assurance de progresser, innover, partager, vous certifier et rendre service à nos clients. Rejoignez notre centre d'excellence en innovation à Paris et rendez unique l'expérience digitale de nos clients en travaillant sur des sujets te…",,2024-02-09,https://www.adzuna.fr/land/ad/4563519416?se=lkQ1l-XS7hG9HiardZxwWA&utm_medium=api&utm_source=37fe08af&v=FAD7926CFFB8FB2DFD24F242A48C88D1BF95F0FB
14,Data Engineer Cloud Data F/H,"{'name': 'CGI France', 'sector': 'unknown', 'employees': None, 'creation_year': None, 'turnover': None, 'mean_age': None}",permanent and full_time,"Tours, Indre-et-Loire",0,,,,,"Position Description: Big Data, Data Science, Data analyse, Data architecture,  Ça n'a pas de secret pour vous ? Que vous commenciez votre carrière professionnelle ou que vous soyez spécialiste de l'une de ces disciplines, intégrer notre communauté Data, c'est l'assurance de progresser, innover, partager, vous certifier et rendre service à nos clients. Rejoignez notre centre d'excellence en innovation à Tours et rendez unique l'expérience digitale de nos clients en travaillant sur des sujets te…",,2024-02-09,https://www.adzuna.fr/land/ad/4563520367?se=lkQ1l-XS7hG9HiardZxwWA&utm_medium=api&utm_source=37fe08af&v=875D24E8B7D4EDBE1D3B1660505E1A19A9405FD1
15,Data Engineer Cloud Data F/H,"{'name': 'CGI France', 'sector': 'unknown', 'employees': None, 'creation_year': None, 'turnover': None, 'mean_age': None}",permanent and full_time,"Montpellier, Hérault",0,,,,,"Position Description: Big Data, Data Science, Data analyse, Data architecture,  Ça n'a pas de secret pour vous ? Que vous commenciez votre carrière professionnelle ou que vous soyez spécialiste de l'une de ces disciplines, intégrer notre communauté Data, c'est l'assurance de progresser, innover, partager, vous certifier et rendre service à nos clients. Rejoignez notre centre d'excellence en innovation à Montpellier et rendez unique l'expérience digitale de nos clients en travaillant sur des suj…",,2024-02-09,https://www.adzuna.fr/land/ad/4563519367?se=yFvrl-XS7hGmpTgGTqQgFg&utm_medium=api&utm_source=37fe08af&v=9BADED812BF50132C2CDB5207FEF9C52ADA7CDCD
16,Data Engineer - Banque Data Factory - Nantes,"{'name': 'Groupe SOPRA STERIA', 'sector': 'unknown', 'employees': None, 'creation_year': None, 'turnover': None, 'mean_age': None}",permanent and full_time,"Nantes, Loire-Atlantique",0,,,,,"Company Description Sopra Steria , l'un des leaders européens de la Tech reconnu pour ses activités de conseil, de services numériques et d'édition de logiciels, aide ses clients à mener leur transformation digitale et à obtenir des bénéfices concrets et durables. Il apporte une réponse globale aux enjeux de compétitivité des grandes entreprises et organisations, combinant une connaissance approfondie des secteurs d'activité et des technologies innovantes à une approche résolument collaborative…",,2024-02-13,https://www.adzuna.fr/land/ad/4567731310?se=yFvrl-XS7hGmpTgGTqQgFg&utm_medium=api&utm_source=37fe08af&v=0C2DEEDF04DAA84140A69A8D96CB3A033D9AD437
17,Ingénieur Data Engineer (F/H),"{'name': 'THALES', 'sector': 'unknown', 'employees': None, 'creation_year': None, 'turnover': None, 'mean_age': None}",permanent and full_time,"Vélizy-Villacoublay, Versailles",0,,,,,"QUI SOMMES-NOUS ? Au sein du site de Vélizy, nos équipes hautement qualifiées conçoivent et produisent des amplificateurs de puissance (tubes à ondes progressives, klystrons, gyrotrons, sous-systèmes pour les Grandes Infrastructures de Recherche, etc.) à destination des marchés Défense, Sécurité, Spatial et Scientifique. Chaque jour nos cadres, ingénieurs, techniciens et opérateurs mettent en commun leurs savoir-faire unique au service de l'innovation. QUI SOMMES-NOUS ? Thales est un leader mon…",,2024-02-22,https://www.adzuna.fr/land/ad/4578817886?se=yFvrl-XS7hGmpTgGTqQgFg&utm_medium=api&utm_source=37fe08af&v=6EE916337EBDD2781443F4CF4C33FFF5A544F623
18,Data Engineer Talend H/F,"{'name': 'Michael Page', 'sector': 'unknown', 'employees': None, 'creation_year': None, 'turnover': None, 'mean_age': None}",permanent and full_time,"Aix-en-Provence, Bouches-du-Rhône",0,,,,,"Leader sur son marché avec plus de 150 ans d'existence , notre client a su s'imposer comme la solution référente dans son secteur. Le Groupe comporte aujourd'hui 6400 Collaborateurs et près de 600 agences sur tout le territoire national. En qualité de Data Engineer Talend, vous serez rattaché au Responsable de Domaine et vous serez en charge de collecter, traiter, fiabiliser et stocker les données provenant de sources internes et externes. Dans ce contexte, vos responsabilités seront les suivan…",,2024-02-09,https://www.adzuna.fr/land/ad/4563520541?se=yFvrl-XS7hGmpTgGTqQgFg&utm_medium=api&utm_source=37fe08af&v=7C6D8C8625697C52764329EE4AA782031E42E553
19,Stage: Data Engineer F/H,"{'name': 'CGI France', 'sector': 'unknown', 'employees': None, 'creation_year': None, 'turnover': None, 'mean_age': None}",permanent and full_time,"Toulouse, Haute-Garonne",0,,,,,"Position Description: Vous rejoignez CGI, leader mondial du conseil et des services numériques à Toulouse et accompagnez nos clients. Rejoignez notre centre d'excellence en innovation à Toulouse et rendez unique l'expérience digitale de nos clients en travaillant sur des sujets tels que le marketing digital, User eXperience, CRM, RPA, data, développement web et mobile, API management ou encore cybersécurité ? Your future duties and responsibilities: Objectif du stage : Ce stage te permettra de …",,2024-02-09,https://www.adzuna.fr/land/ad/4563520081?se=yFvrl-XS7hGmpTgGTqQgFg&utm_medium=api&utm_source=37fe08af&v=A4A8EEE4CF944ADBD7F73EC3B25E63159324BB8A
20,Data Engineer Splunk F/H,"{'name': 'CGI France', 'sector': 'unknown', 'employees': None, 'creation_year': None, 'turnover': None, 'mean_age': None}",permanent and full_time,"Toulouse, Haute-Garonne",0,,,,,"Position Description: Big Data, Data Science, Data analyse, Data architecture,  Ça n'a pas de secret pour vous ? Que vous commenciez votre carrière professionnelle ou que vous soyez spécialiste de l'une de ces disciplines, intégrer notre communauté Data, c'est l'assurance de progresser, innover, partager, vous certifier et rendre service à nos clients. Rejoignez notre centre d'excellence en innovation à Toulouse et rendez unique l'expérience digitale de nos clients en travaillant sur des sujets…",,2024-02-09,https://www.adzuna.fr/land/ad/4563520239?se=EHKlmOXS7hGmpTgGTqQgFg&utm_medium=api&utm_source=37fe08af&v=CD8E1CE76030447C8F27095293DEF5CDBDBEFA87
21,Data engineer Azure F/H,"{'name': 'CELAD', 'sector': 'unknown', 'employees': None, 'creation_year': None, 'turnover': None, 'mean_age': None}",permanent and full_time,France,0,,,,,"Description du poste Envie d’un nouveau challenge… CELAD vous attend  Votre mission : Le projet se déroule sur un environnement technique Microsoft Cloud Azure avec une architecture orientée Big Data comportant un Data Lake (Sparks) alimentant des cubes tabulaires. Power BI est l’outil de reporting du groupe. Votre profil : De formation ingénieur BAC5, vous justifiez idéalement d’une expérience de 3 ans minimum en tant que Data engineer Objectifs/Réalisations : Le périmètre d’intervention est l…",,2024-02-09,https://www.adzuna.fr/land/ad/4563520156?se=EHKlmOXS7hGmpTgGTqQgFg&utm_medium=api&utm_source=37fe08af&v=19FAD14835C0C27A34D173AC0EFD9BE92796713F
22,Big Data Engineer H/F,"{'name': 'Michael Page', 'sector': 'unknown', 'employees': None, 'creation_year': None, 'turnover': None, 'mean_age': None}",permanent and full_time,"Courbevoie, Nanterre",0,,,,,"Notre client est un acteur incontournable du secteur de l'énergie. Dans un contexte de transformation majeure de son SI, liée à l'intégration de technologies innovantes ainsi qu'à de forts enjeux de transition énergétique, notre client ambitionne de doubler les effectifs de sa DSI dans les prochaines années. Au sein de la DSI Groupe, rattaché au Pôle Données, vos responsabilités sont les suivantes : Votre mission première sera de participer activement à la démarche d'industrialisation des solut…",,2024-02-09,https://www.adzuna.fr/land/ad/4563520218?se=EHKlmOXS7hGmpTgGTqQgFg&utm_medium=api&utm_source=37fe08af&v=4F301CC2992AA0C6B86B61473563A6C34410DC4A
23,Data Engineer Talend F/H,"{'name': 'OBS', 'sector': 'unknown', 'employees': None, 'creation_year': None, 'turnover': None, 'mean_age': None}",permanent and full_time,"Villeneuve-d'Ascq, Lille",0,,,,,"about the role Afin de développer notre équipe lilloise, nous recherchons aujourd'hui, un Ingénieur DATA à même d'accompagner nos clients dans la structuration de leurs SI autour de la donnée. Vos principales missions seront les suivantes : - Concevoir des solutions de traitement et collecter des volumes importants de données. - Participer à des études de cadrage pour collecter le besoin métier et concevoir les solutions qui répondent au besoin du client. - Apporter son expertise sur des problé…",,2024-02-13,https://www.adzuna.fr/land/ad/4567731333?se=EHKlmOXS7hGmpTgGTqQgFg&utm_medium=api&utm_source=37fe08af&v=AFF2475E414960F83013E47912AF294317EF8C2C
24,Senior Data Engineer H/F,"{'name': 'Michael Page', 'sector': 'unknown', 'employees': None, 'creation_year': None, 'turnover': None, 'mean_age': None}",permanent and full_time,"Paris, Ile-de-France",0,,,,,"CORUM L'Epargne est une entreprise européenne indépendante avec plus de 250 salariés au service de ses clients, elle propose des services et des produits d'épargne performants et innovants dans plusieurs pays européens. L'entreprise est reconnue pour les succès de son développement et sa capacité d'innovation. Le Groupe est détenu exclusivement par ses Managers. Près de 120 000 clients ont déjà confié leur épargne à CORUM L'Epargne, ce qui représente au total plus de 7 milliards d'euros. Le Gro…",,2024-02-09,https://www.adzuna.fr/land/ad/4563521655?se=EHKlmOXS7hGmpTgGTqQgFg&utm_medium=api&utm_source=37fe08af&v=890529977517F4BC7BC0531DC7A85C960ECC75ED
25,Stage: Data Engineer F/H,"{'name': 'CGI France', 'sector': 'unknown', 'employees': None, 'creation_year': None, 'turnover': None, 'mean_age': None}",permanent and full_time,"Montpellier, Hérault",0,,,,,"Position Description: Vous rejoignez CGI, leader mondial du conseil et des services numériques à Montpellier et accompagnez nos clients. Rejoignez notre centre d'excellence en innovation à Toulouse et rendez unique l'expérience digitale de nos clients en travaillant sur des sujets tels que le marketing digital, User eXperience, CRM, RPA, data, développement web et mobile, API management ou encore cybersécurité ? Your future duties and responsibilities: Objectif du stage : Ce stage te permettra …",,2024-02-09,https://www.adzuna.fr/land/ad/4563521057?se=DqNcmeXS7hG9HiardZxwWA&utm_medium=api&utm_source=37fe08af&v=3BEAB51A9E494F53E7B8801CDB9AAF3E92A7CF53
26,Data Engineer/Architecte H/F,"{'name': 'Michael Page', 'sector': 'unknown', 'employees': None, 'creation_year': None, 'turnover': None, 'mean_age': None}",permanent and full_time,"Ivry-sur-Seine, Créteil",0,,,,,"Notre client est la centrale d'achat d'un grand Groupe de la grande distribution. Le projet de recrutement s'inscrit dans une réinternalisation des équipes data. En tant que Data Engineer/Architecte, vos missions seront les suivantes : Être responsable de la conception et de la gestion de l'architecture des données sur la plateforme GCP, Vous définissez l'architecture, les normes et bonnes pratiques, Vous prenez en compte les besoins fonctionnels afin d'établir le design, Vous sélectionnez et c…",,2024-02-09,https://www.adzuna.fr/land/ad/4563521712?se=DqNcmeXS7hG9HiardZxwWA&utm_medium=api&utm_source=37fe08af&v=5A698E00C2FAD537B0905942442348F9743E5739
27,Data Engineer Talend H/F,"{'name': 'Michael Page', 'sector': 'unknown', 'employees': None, 'creation_year': None, 'turnover': None, 'mean_age': None}",permanent and full_time,France,0,,,,,"Un acteur majeur dans les sciences de la vie et vend un vaste catalogue de réactifs provenant de nombreux fournisseurs à des laboratoires universitaires, des grandes entreprises pharmaceutiques et des startups biotechnologiques. Son modèle économique est basé sur les données : Il agrège, qualifie, améliore, harmonise, concentre et présente les données de ses fournisseurs à ses clients. L'objectif est de faciliter l'expérience d'achat des clients, par le biais de catalogues personnalisés, de « p…",,2024-02-09,https://www.adzuna.fr/land/ad/4563521532?se=DqNcmeXS7hG9HiardZxwWA&utm_medium=api&utm_source=37fe08af&v=A2B0848E2B6C00DF91C0328FE39E5F1CAEACADF1
28,Stage : Data Engineer F/H,"{'name': 'CGI France', 'sector': 'unknown', 'employees': None, 'creation_year': None, 'turnover': None, 'mean_age': None}",permanent and full_time,"Paris, Ile-de-France",0,,,,,"Position Description: Vous rejoignez CGI, leader mondial du conseil et des services numériques à Paris et accompagnez nos clients. Rejoignez notre centre d'excellence en innovation à Paris et rendez unique l'expérience digitale de nos clients en travaillant sur des sujets tels que le marketing digital, User eXperience, CRM, RPA, data, développement web et mobile, API management ou encore cybersécurité ? Your future duties and responsibilities: Objectif du stage : Ce stage te permettra de partic…",,2024-02-09,https://www.adzuna.fr/land/ad/4563520605?se=DqNcmeXS7hG9HiardZxwWA&utm_medium=api&utm_source=37fe08af&v=4235E068125C76D15166AF429989544E8A4235E4
29,Data Engineer confirmé - Banque - Lille,"{'name': 'Groupe SOPRA STERIA', 'sector': 'unknown', 'employees': None, 'creation_year': None, 'turnover': None, 'mean_age': None}",permanent and full_time,"Villeneuve-d'Ascq, Lille",0,,,,,"Company Description Sopra Steria , acteur majeur de la Tech en Europe, reconnu pour ses activités de conseil, de services numériques et d'édition de logiciels, aide ses clients à mener leur transformation digitale et à obtenir des bénéfices concrets et durables. Il apporte une réponse globale aux enjeux de compétitivité des grandes entreprises et organisations, combinant une connaissance approfondie des secteurs d'activité et des technologies innovantes à une approche résolument collaborative. …",,2024-02-10,https://www.adzuna.fr/land/ad/4564952194?se=DqNcmeXS7hG9HiardZxwWA&utm_medium=api&utm_source=37fe08af&v=76744F04FDDDD92ECEC6ABD8E71DE9935885A738
30,Data Engineer Splunk F/H,"{'name': 'CGI France', 'sector': 'unknown', 'employees': None, 'creation_year': None, 'turnover': None, 'mean_age': None}",permanent and full_time,"Montpellier, Hérault",0,,,,,"Position Description: Big Data, Data Science, Data analyse, Data architecture,  Ça n'a pas de secret pour vous ? Que vous commenciez votre carrière professionnelle ou que vous soyez spécialiste de l'une de ces disciplines, intégrer notre communauté Data, c'est l'assurance de progresser, innover, partager, vous certifier et rendre service à nos clients. Rejoignez notre centre d'excellence en innovation à Montpellier et rendez unique l'expérience digitale de nos clients en travaillant sur des suj…",,2024-02-09,https://www.adzuna.fr/land/ad/4563521479?se=6lQUmuXS7hG9HiardZxwWA&utm_medium=api&utm_source=37fe08af&v=6A4DC8C544F72B7538B84092FFA37D3F4F7AD5D6
31,Stage : Data Engineer F/H,"{'name': 'CGI France', 'sector': 'unknown', 'employees': None, 'creation_year': None, 'turnover': None, 'mean_age': None}",permanent and full_time,"Strasbourg, Strasbourg-Ville",0,,,,,"Position Description: Big Data, Data Science, Data analyse, Data architecture,  Ça n'a pas de secret pour vous ? Que vous commenciez votre carrière professionnelle ou que vous soyez spécialiste de l'une de ces disciplines, intégrer notre communauté Data, c'est l'assurance de progresser, innover, partager, vous certifier et rendre service à nos clients Si vous souhaitez intégrer nos équipes à Strasbourg et accompagner les plus grands acteurs de la région Alsace, cette annonce est susceptible de …",,2024-02-09,https://www.adzuna.fr/land/ad/4563520130?se=6lQUmuXS7hG9HiardZxwWA&utm_medium=api&utm_source=37fe08af&v=D11A130C8DC17AACF9F8B6EF56DD3332E199346A
32,Data Engineer,"{'name': 'Visian', 'sector': 'unknown', 'employees': None, 'creation_year': None, 'turnover': None, 'mean_age': None}",,"Hauts-de-Seine, Ile-de-France",0,,,,,"Visian, cabinet de conseil IT recherche un.e DATA ENGINEER en réponse aux nombreux besoins de nos clients grand comptes. Rôles et responsabilités : Utilisation de Python sur de gros volumes de données. Conception, développement et déploiement des pipelines de données efficaces pour l’extraction, la transformation et le chargement (ETL) des données. Documentation des travaux menés. Collaborer avec les différentes équipes (techniques et supports). Compétences techniques requises : Excellent maîtr…",,2024-02-23,https://www.adzuna.fr/land/ad/4579115969?se=6lQUmuXS7hG9HiardZxwWA&utm_medium=api&utm_source=37fe08af&v=7270C17A4F9A1DCC53111A128B2D03C565111D5A
33,Data Engineer,"{'name': 'Barrington James', 'sector': 'unknown', 'employees': None, 'creation_year': None, 'turnover': None, 'mean_age': None}",,"Paris, Ile-de-France",0,,,,,"Join a pioneering team at a cutting-edge physics-based drug discovery company, as a Data Engineer. In this role, you will be instrumental in developing and maintaining their data infrastructure, enabling the seamless flow of critical information for their innovative drug discovery initiatives. They are seeking a talented individual with a strong background in data engineering, a passion for leveraging physics-based methodologies, and a commitment to advancing breakthroughs in drug development. …",,2024-02-23,https://www.adzuna.fr/land/ad/4579115460?se=6lQUmuXS7hG9HiardZxwWA&utm_medium=api&utm_source=37fe08af&v=2DE1AE22543FDB8F13703EF200A20AEA5F91FB41
34,Data Engineer,"{'name': 'Meritis', 'sector': 'unknown', 'employees': None, 'creation_year': None, 'turnover': None, 'mean_age': None}",,"Ile-de-France, France",0,,,,,"Descriptif de l’entreprise : ​ Meritis est un cabinet de conseil, pilotage et développement IT fondé en 2007 présent à Paris, Sophia-Antipolis, Aix-en-Provence, Montpellier, Toulouse, Nantes Et bientôt sur de nouveaux territoires  Notre mission ? Connecter les meilleurs talents aux entreprises pour leur donner un temps d’avance.​ Nous accompagnons nos clients dans l’intégralité de leurs besoins en transformation numérique à travers de nombreux domaines d’expertises : Software Engineering, Finan…",,2024-02-15,https://www.adzuna.fr/land/ad/4569617345?se=6lQUmuXS7hG9HiardZxwWA&utm_medium=api&utm_source=37fe08af&v=4A10ACA26BFD54FDE6A304B2CF86149F7C0B2015
35,Data Engineer,"{'name': 'Alptis Prévoyance et Santé', 'sector': 'legal-jobs', 'employees': None, 'creation_year': None, 'turnover': None, 'mean_age': None}",,"Lyon, Rhône",0,,,,,"Rejoindre Alptis, c’est intégrer un groupe qui conjugue bienveillance et performance, où l'on joue collectif, dans lequel on peut grandir et vivre des projets enrichissants. L'aventure vous tente ? Vous êtes peut-être l'un de nos futurs Talents  Nous recrutons pour notre siège à Lyon un Data Engineer (H/F) en CDI au sein de la Direction Digitale et Transformation. Notre objectif : renforcer l'équipe DATA du groupe Alptis pour mener à bien l'ensemble des projets permettant à Alptis de devenir DA…",,2024-02-15,https://www.adzuna.fr/land/ad/4569616973?se=6IbKmuXS7hGmpTgGTqQgFg&utm_medium=api&utm_source=37fe08af&v=F43979544EAF91A45F1DCA7DE2835DF912EE325E
36,DATA Engineer,"{'name': 'Team-iT', 'sector': 'unknown', 'employees': None, 'creation_year': None, 'turnover': None, 'mean_age': None}",,"Marseille, Bouches-du-Rhône",0,,,,,"Mais qui sommes-nous ? Fondée en 2014, TEAM-IT est une ESN spécialisée dans les infrastructures et la production informatique, ainsi que dans l’organisation des SI tant sur les phases de projet que d’exploitation. Nous intervenons auprès de clients « grands comptes » et notre expertise s’articule autour des métiers de l’ingénierie des systèmes, des réseaux, de la cybersécurité, du DevOps, du cloud, de la gestion de projet/programme, de la gestion des process (forte expertise ITIL) et du deliver…",,2024-02-01,https://www.adzuna.fr/land/ad/4551892954?se=6IbKmuXS7hGmpTgGTqQgFg&utm_medium=api&utm_source=37fe08af&v=8F75F90F57FD1AC6FBE0BD299009722098FC67E7
37,Data Engineer,"{'name': 'PROXIAD', 'sector': 'unknown', 'employees': None, 'creation_year': None, 'turnover': None, 'mean_age': None}",,"Bordeaux, Gironde",0,,,,,"Au sein d’une équipe de data analyst et data engineer, vous aurez en charge la gestion de différents sujets autour de l’intégration et de la manipulation de données en masse. Vos missions seront les suivantes : Réaliser les opérations de collecte de données (crawl et scrap) Traiter les fichiers de données Actions de collecte : restructurer, normaliser et contrôler à partir des outils Excel/Access Identifier et extraire les données vers les bases de données du client Analyse des données rapproch…",,2024-02-01,https://www.adzuna.fr/land/ad/4551892001?se=6IbKmuXS7hGmpTgGTqQgFg&utm_medium=api&utm_source=37fe08af&v=9C63CF3167B9E09F82D2CA0B79156C50E96707A5
38,Data Engineer,"{'name': 'Equativ', 'sector': 'unknown', 'employees': None, 'creation_year': None, 'turnover': None, 'mean_age': None}",,"Paris, Ile-de-France",0,,,,," About the team At Equativ, we’re on a mission to develop advertising technologies that empower our customers to reach their digital business goals. This means that we rely on massively scalable, widely distributed, highly available, and efficient software systems; the platform deals with over 100 billions requests per day and above 40 Gbps of network traffic. Our innovation team based in Paris, Nantes, Limoges, Kraków and Berlin is composed of 90 straightforward and energetic engineers working…",,2024-02-02,https://www.adzuna.fr/land/ad/4553919472?se=6IbKmuXS7hGmpTgGTqQgFg&utm_medium=api&utm_source=37fe08af&v=F8397BCA2EC985F5E9AB1306660187D61CDDDC7E
39,Data Engineer,"{'name': 'ADVANCED SCHEMA', 'sector': 'unknown', 'employees': None, 'creation_year': None, 'turnover': None, 'mean_age': None}",,France,0,,,,,"ADVANCED SCHEMA est une société de services informatiques spécialisée dans la donnée. Depuis 20 ans, nous créons des plateformes data sur mesure pour nos clients, orientées usages et alliant qualité, performance, sécurité et gouvernance. ADVANCED SCHEMA a développé de nouvelles activités pour réaliser l'ambition du groupe : devenir une entreprise end-to-end, en proposant une offre à 360° à nos clients pour les accompagner à chaque étape de leurs projets. À ce jour, nous sommes près de 220 passi…",,2024-01-25,https://www.adzuna.fr/land/ad/4543673290?se=6IbKmuXS7hGmpTgGTqQgFg&utm_medium=api&utm_source=37fe08af&v=0AB6C4C579864C366AEA60EC74B6FACA34AE854F
40,Data Engineer,"{'name': 'Eurobios Mews Labs', 'sector': 'unknown', 'employees': None, 'creation_year': None, 'turnover': None, 'mean_age': None}",,"Cachan, L'Haÿ-les-Roses",0,,,,,"Mews Labs (anciennement Eurobios) est une filiale de Mews Partners spécialisée dans la résolution de problèmes complexes issus de l’industrie dans les domaines de l’optimisation, de la modélisation, de la simulation physique et de la science des données. Nous recrutons actuellement pour notre département Scientific Computing Branch , spécialisé dans le calcul scientifique , un.e Data Engineer maîtrisant l’administration de bases de données et le traitement des données associé dans le cadre de p…",,2024-02-17,https://www.adzuna.fr/land/ad/4572347713?se=SKaLm-XS7hGmpTgGTqQgFg&utm_medium=api&utm_source=37fe08af&v=9CAC1097273A2E6FF3BD92024473D1ED0FC4D48D
41,Data Engineer,"{'name': 'ALTEN', 'sector': 'unknown', 'employees': None, 'creation_year': None, 'turnover': None, 'mean_age': None}",,"Boulogne-Billancourt, Hauts-de-Seine",0,,,,,"Data Engineering role in highly demanding and high-stakes environment Implementation of leading edge technology into the Alten group corporate strategy implementation A unique opportunity: As a member of the Group Strategy team, the Data Engineer is the key enabler to Alten's strategy implementation Strong entrepreneurial spirit Diverse environments (technical platforms, geographies, sectors, offers,…) Pivotal role between Business Strategy definition and implementation Immediate impact: key us…",,2024-02-17,https://www.adzuna.fr/land/ad/4572343829?se=SKaLm-XS7hGmpTgGTqQgFg&utm_medium=api&utm_source=37fe08af&v=44DBDEFC09C6836B4D1D9A22B5FD8519AB21FA2C
42,Data Engineer,"{'name': 'Meritis', 'sector': 'unknown', 'employees': None, 'creation_year': None, 'turnover': None, 'mean_age': None}",,"Paris, Ile-de-France",0,,,,,"Descriptif de l’entreprise : Meritis est un cabinet de conseil, pilotage et développement IT fondé en 2007 présent à Paris, Sophia-Antipolis, Aix-en-Provence, Montpellier, Toulouse, Nantes Et bientôt sur de nouveaux territoires  Notre mission ? Connecter les meilleurs talents aux entreprises pour leur donner un temps d’avance. Nous accompagnons nos clients dans l’intégralité de leurs besoins en transformation numérique à travers de nombreux domaines d’expertises : Software Engineering, Finance,…",,2024-02-23,https://www.adzuna.fr/land/ad/4579119211?se=SKaLm-XS7hGmpTgGTqQgFg&utm_medium=api&utm_source=37fe08af&v=5A2947258647DECF3615EEE4FA3AD628A65E50A9
43,Data Engineer en Alternance (H/F),"{'name': 'OpenClassrooms', 'sector': 'other-general-jobs', 'employees': None, 'creation_year': None, 'turnover': None, 'mean_age': None}",contract and full_time,"Paris, Ile-de-France",0,,,,,"Apprenez un métier d’avenir en alternance avec OpenClassrooms. OpenClassrooms recherche un Data Engineer en Alternance (H/F) en contrat d’apprentissage pour un de nos partenaires dans le secteur de l'événementiel, pour préparer une de ses formations diplômantes reconnues par l’État. Attention : cette offre ne s’adresse qu’aux candidats à l’alternance qui effectuent leur formation avec OpenClassrooms ou souhaitent s’inscrire chez OpenClassrooms pour leur alternance. Seules les candidatures répon…",,2024-02-20,https://www.adzuna.fr/land/ad/4575693561?se=SKaLm-XS7hGmpTgGTqQgFg&utm_medium=api&utm_source=37fe08af&v=051D339E4B965151C9383DFA13B7285006DD4620
44,Data Engineer - Services Financiers - Ile de France,"{'name': 'Groupe SOPRA STERIA', 'sector': 'unknown', 'employees': None, 'creation_year': None, 'turnover': None, 'mean_age': None}",permanent and full_time,"Paris, Ile-de-France",0,,,,,"Company Description Sopra Steria , acteur majeur de la Tech en Europe, reconnu pour ses activités de conseil, de services numériques et d'édition de logiciels, aide ses clients à mener leur transformation digitale et à obtenir des bénéfices concrets et durables. Il apporte une réponse globale aux enjeux de compétitivité des grandes entreprises et organisations, combinant une connaissance approfondie des secteurs d'activité et des technologies innovantes à une approche résolument collaborative. …",,2024-02-22,https://www.adzuna.fr/land/ad/4578817919?se=SKaLm-XS7hGmpTgGTqQgFg&utm_medium=api&utm_source=37fe08af&v=AEAEFEA9146CA0CB2016AAE9ADFFD39ADD457278
